<?xml version="1.0" encoding="UTF-8"?>
<project-private xmlns="http://www.netbeans.org/ns/project-private/1">
    <editor-bookmarks xmlns="http://www.netbeans.org/ns/editor-bookmarks/2" lastBookmarkId="0"/>
    <open-files xmlns="http://www.netbeans.org/ns/projectui-open-files/2">
        <group>
            <file>file:/home/ciceroaon/Projetos/FrontCode/EcoSys/EcoSys/src/conexao/ConexaoDB.java</file>
            <file>file:/home/ciceroaon/Projetos/FrontCode/EcoSys/EcoSys/src/dao/FuncionarioDAO.java</file>
            <file>file:/home/ciceroaon/Projetos/FrontCode/EcoSys/EcoSys/src/views/HomeView.java</file>
        </group>
    </open-files>
</project-private>
